{"type": "block", "layer": 0, "block": 0, "features": [{"geom": {"pts": [[0.11167051707732867, -0.16885662607667307, 0.0]], "r": 0.0134}, "mtl": 0}, {"geom": {"pts": [[-0.11892288292267494, 0.035894537923327974, 0.0]], "r": 0.0134}, "mtl": 0}, {"geom": {"pts": [[0.02881932707732915, 0.016225309923326492, 0.0]], "r": 0.0134}, "mtl": 0}], "featureCount": 3, "startIndex": 0}