{"type": "block", "layer": 3, "block": 0, "features": [{"geom": {"triangles": {"v": [0.2359919607101375, 0.11753195698192087, 0.0, 0.2343440114913875, 0.11359328205516306, 0.0, 0.23903608912810625, 0.11155337269237009, 0.0, 0.23833418483123125, 0.1196424382441279, 0.0, 0.25150251979216875, 0.11252230579783884, 0.0, 0.2501673757492, 0.13661307270457712, 0.0, 0.26415205592498125, 0.13695258076121775, 0.0, 0.2656550466476375, 0.10587138111522165, 0.0, 0.27103376979216875, 0.10260123188426462, 0.0, 0.27130842799529375, 0.1426221745722529, 0.0, 0.28133345240935625, 0.09804266865184275, 0.0, 0.28355360621795, 0.14371222431590525, 0.0, 0.295241838639825, 0.09510249073436228, 0.0, 0.28575850123748125, 0.15120142872264353, 0.0, 0.29428816432341875, 0.1672326939814326, 0.0, 0.397353655046075, 0.015874089550280246, 0.0, 0.29607344264373125, 0.17267054493358103, 0.0, 0.40086317653045, 0.020460309337877902, 0.0, 0.4525141775070125, 0.10981291706492868, 0.0, 0.4529719411788875, 0.1025831120722529, 0.0, 0.4556574880538875, 0.09430235798289743, 0.0, 0.4549555837570125, 0.10003298695018259, 0.0, 0.4735713064132625, 0.04466360981395212, 0.0, 0.4742884694992, 0.04787272388865915, 0.0, 0.46378279322966875, 0.09267348225047556, 0.0, 0.47327376002654375, 0.08157366688182321, 0.0, 0.48229170436248125, 0.06017226154735056, 0.0, 0.482436662858575, 0.05805319721629587, 0.0, 0.481338030046075, 0.04905241901805368, 0.0, 0.48088789576873125, 0.07428282673289743, 0.0, 0.48218489283904375, 0.07088297779490915, 0.0, 0.48532820338591875, 0.06816023762156931, 0.0, 0.46959639186248125, 0.09044188435008493, 0.0, 0.41756392115935625, 0.010482968639635715, 0.0, 0.4618525564132625, 0.01998251850535837, 0.0, 0.47856855983123125, 0.03939169819285837, 0.0, 0.48125410670623125, 0.025461377453112277, 0.0, 0.4084925710617, 0.012481870006823215, 0.0, 0.29752302760466875, 0.17942160541942087, 0.0, 0.30460310572966875, 0.188412846874499, 0.0, 0.295791155046075, 0.18465250904490915, 0.0, 0.29680586451873125, 0.18820399219920603, 0.0, 0.42755842799529375, 0.19467181141307321, 0.0, 0.30518293971404375, 0.19460219318797556, 0.0, 0.30802107447966875, 0.2063428776972529, 0.0, 0.4205317556320125, 0.22914332325389353, 0.0, 0.42393446559295, 0.22240179951121775, 0.0, 0.422744280046075, 0.22579306538035837, 0.0, 0.4299311696945125, 0.20147246296336618, 0.0, 0.43334150904998125, 0.20832365925242868, 0.0, 0.43802595729216875, 0.21378153736522165, 0.0, 0.4385981618820125, 0.21681326801707712, 0.0, 0.32402754420623125, 0.25394267017772165, 0.0, 0.3067622243820125, 0.21735018665721384, 0.0, 0.3052058278976375, 0.22205275471141306, 0.0, 0.3027339040695125, 0.24037283832957712, 0.0, 0.3009333669601375, 0.222623051952624, 0.0, 0.29001570338591875, 0.23332327778270212, 0.0, 0.28568220729216875, 0.22751158649852243, 0.0, 0.28337813014373125, 0.2184135335200068, 0.0, 0.2816157400070125, 0.2246219533198115, 0.0, 0.28002119654998125, 0.22092265064647165, 0.0, 0.3397517263351375, 0.2665235417597529, 0.0, 0.41997480983123125, 0.2355634587519404, 0.0, 0.34483290309295, 0.27152174885203806, 0.0, 0.35288191432341875, 0.28383368427684275, 0.0, 0.42246199244841875, 0.2833730595820185, 0.0, 0.41880751246795, 0.2923433202021357, 0.0, 0.35297346705779375, 0.287721814464831, 0.0, 0.35552168483123125, 0.3029024022333857, 0.0, 0.4189143239913875, 0.2994529622309443, 0.0, 0.41034651393279375, 0.3275129216425654, 0.0, 0.4199824392257625, 0.30391234333445993, 0.0, 0.41209364528045, 0.32709139759471384, 0.0, 0.42067671412810625, 0.3296510594599482, 0.0, 0.43300581569060625, 0.3117029088251826, 0.0, 0.4320521413742, 0.3289129155390498, 0.0, 0.42827559108123125, 0.3330833333246943, 0.0, 0.44399214381560625, 0.3273126500361201, 0.0, 0.4387660085617, 0.33098143513133493, 0.0, 0.44736433619841875, 0.3145429509394404, 0.0, 0.44768477076873125, 0.32607287342479196, 0.0, 0.42891646022185625, 0.3064128773920771, 0.0, 0.4154658376632625, 0.32935255939891306, 0.0, 0.35520125026091875, 0.3073226826899287, 0.0, 0.3541560232101375, 0.321382703136706, 0.0, 0.35198164576873125, 0.3125116246454951, 0.0, 0.351394182389825, 0.31768053944041696, 0.0, 0.406814104264825, 0.33104342396190134, 0.0, 0.3544917165695125, 0.32642191822459665, 0.0, 0.3889765798507625, 0.35082167560985056, 0.0, 0.3593745290695125, 0.3459321873896357, 0.0, 0.35329390162810625, 0.3331424611323115, 0.0, 0.3527827321945125, 0.3293620961420771, 0.0, 0.3521113454757625, 0.33562296802928415, 0.0, 0.35521650904998125, 0.34488219196727243, 0.0, 0.35239363307341875, 0.34238261158397165, 0.0, 0.3597712575851375, 0.34896201069285837, 0.0, 0.35826826686248125, 0.35793227131297556, 0.0, 0.35645247096404375, 0.3527814763300654, 0.0, 0.405776506608575, 0.3464223759882685, 0.0, 0.40517378444060625, 0.34906310017039743, 0.0, 0.39744520778045, 0.3567621129267451, 0.0, 0.40650129908904375, 0.3505412953608271, 0.0, 0.41094160670623125, 0.3601934331171748, 0.0, 0.40468550319060625, 0.36695212299754587, 0.0, 0.3957819997726375, 0.3654310124628779, 0.0, 0.410842424577325, 0.3507215398066279, 0.0, 0.4094233571945125, 0.347810925792956, 0.0, 0.41100264186248125, 0.348604382824206, 0.0, 0.4136958181320125, 0.3532840626948115, 0.0, 0.414016252702325, 0.3603326695673701, 0.0, 0.3925013601242, 0.3561221974604365, 0.0, 0.4105830251632625, 0.3423025029413935, 0.0, 0.40949202174529375, 0.3325635808222529, 0.0, 0.41033125514373125, 0.3295118230097529, 0.0, 0.3535761892257625, 0.29920119221141306, 0.0, 0.35112715358123125, 0.29267138416697946, 0.0, 0.35140181178435625, 0.2968122380488154, 0.0, 0.429458147233575, 0.256802739452624, 0.0, 0.42719221705779375, 0.24535292560985056, 0.0, 0.42665815944060625, 0.2816030400507685, 0.0, 0.43302107447966875, 0.2611333745234248, 0.0, 0.4315486013351375, 0.27823180134227243, 0.0, 0.4356379568038875, 0.26627272541453806, 0.0, 0.436538225358575, 0.27033156330516306, 0.0, 0.434157854264825, 0.19237154896190134, 0.0, 0.44251204127654375, 0.18644160206248728, 0.0, 0.45030165309295, 0.18138331348826853, 0.0, 0.44519758815154375, 0.18860167438914743, 0.0, 0.450637346452325, 0.18837183887889353, 0.0, 0.457107073014825, 0.11452025349070993, 0.0, 0.45335341090545, 0.18015021259715525, 0.0, 0.481582170671075, 0.15316122944285837, 0.0, 0.475722795671075, 0.17649287159373728, 0.0, 0.4561762868820125, 0.183560551952624, 0.0, 0.46648359889373125, 0.1870843785517451, 0.0, 0.46361494654998125, 0.18773192341258493, 0.0, 0.45697737330779375, 0.18659132893016306, 0.0, 0.4566645681320125, 0.19060248310496775, 0.0, 0.4574885427413875, 0.1921522038691279, 0.0, 0.48117781276091875, 0.15792292530467478, 0.0, 0.47879744166716875, 0.17681425983836618, 0.0, 0.4897761403976375, 0.16225260670115915, 0.0, 0.492873674577325, 0.16526144916942087, 0.0, 0.48920393580779375, 0.17780131275584665, 0.0, 0.49465132350310625, 0.16909235889842478, 0.0, 0.4936213552413875, 0.1755821126215693, 0.0, 0.49515486354216875, 0.17264193470408884, 0.0, 0.486648088639825, 0.18080252582957712, 0.0, 0.48352766627654375, 0.1818839925043818, 0.0, 0.4624323903976375, 0.11630362446238962, 0.0, 0.46817732447966875, 0.11654299671580759, 0.0, 0.47499800319060625, 0.11785239155223337, 0.0, 0.481338030046075, 0.13957327778270212, 0.0, 0.48314619654998125, 0.1486808675043818, 0.0, 0.478896623796075, 0.12778109486033884, 0.0, 0.48604536647185625, 0.13534087116649118, 0.0, 0.48464155787810625, 0.12721365864207712, 0.0, 0.4403529226242, 0.1885816472285029, 0.0, 0.4396967946945125, 0.19162196094920603, 0.0, 0.308913713639825, 0.011132420849108371, 0.0, 0.37088728541716875, -0.00436764781544241, 0.0, 0.37966108912810625, -0.0038869959599736603, 0.0, 0.3957514821945125, 0.007941426586413058, 0.0, 0.39685774440154375, -0.0004594904668095978, 0.0, 0.38617659205779375, -0.008347330737805692, 0.0, 0.39647627467498125, -0.009498415637708035, 0.0, 0.37625837916716875, -0.005597887683606473, 0.0, 0.36350203151091875, -0.006735621143079129, 0.0, 0.317885881608575, 0.0014221089594599334, 0.0, 0.35018110865935625, -0.014268694568372098, 0.0, 