{"type": "block", "layer": 4, "block": 0, "features": [{"geom": {"triangles": {"v": [0.016501909440606255, 0.058921994518541965, 0.0, 0.015624529069512505, 0.0417920964472529, 0.0, 0.031707292741387505, 0.041203679394030246, 0.0, 0.032813554948418755, 0.05954188282420603, 0.0, 0.024291521257012505, 0.06325167591502634, 0.0, 0.036422258561700005, 0.06060141498973337, 0.0, 0.039542680924981255, 0.03905123646190134, 0.0, 0.046462541764825005, 0.06333178455760446, 0.0, 0.037757402604668755, 0.06305140430858103, 0.0, 0.055984026139825005, 0.06135100300242868, 0.0, 0.060195451921075005, 0.025671185802721652, 0.0, 0.058616167253106255, 0.06322306568553415, 0.0, 0.0885310232101375, 0.01612204487254587, 0.0, 0.10556746119841875, 0.06615084583690134, 0.0, 0.06304121608123125, 0.07373351032664743, 0.0, 0.0977168142257625, 0.08199328358104196, 0.0, 0.1027827321945125, 0.07666224415233103, 0.0, 0.08133650416716875, 0.09301299030711618, 0.0, 0.0645442068038875, 0.09590262348582712, 0.0, 0.098464494889825, 0.08920210773875681, 0.0, 0.090407854264825, 0.10131186420848337, 0.0, 0.0968470632492, 0.10108107502391306, 0.0, 0.1099085866867, 0.06032103474070993, 0.0, 0.1099238454757625, 0.06365221912791696, 0.0, 0.11318159694060625, 0.0600110905878779, 0.0, 0.1027522146163875, 0.005712689708971652, 0.0, 0.11499739283904375, 0.0013420003168818084, 0.0, 0.12587690944060625, 0.0002633946650263397, 0.0, 0.12213850612029375, 0.062802495311999, 0.0, 0.1529841482101375, 0.012004079174303683, 0.0, 0.1308283864913875, 0.0662214177363154, 0.0, 0.15697432154998125, 0.013422192882799777, 0.0, 0.15024519557341875, 0.07528132374217478, 0.0, 0.13669539088591875, 0.08234137470653025, 0.0, 0.1306452810226375, 0.08210295612742868, 0.0, 0.1647028982101375, 0.011542500805163058, 0.0, 0.2526850759445125, 0.05857294971873728, 0.0, 0.17637587184295, -0.0009878260380986603, 0.0, 0.25672102565154375, 0.04763239796092478, 0.0, 0.2668452321945125, 0.03434103901317087, 0.0, 0.19883680934295, -0.04291707103321585, 0.0, 0.28865767115935625, -0.004598437000012723, 0.0, 0.272902971452325, 0.030801953624987277, 0.0, 0.288283830827325, 0.00944155628612009, 0.0, 0.28630781764373125, 0.029472531627916965, 0.0, 0.28217268580779375, 0.034901799511217746, 0.0, 0.28853560084685625, 0.014961423229479465, 0.0, 0.2882380544601375, 0.022504033397936496, 0.0, 0.29271650904998125, 0.01598280842235056, 0.0, 0.2926478444992, 0.022651852916979465, 0.0, 0.29161787623748125, 0.005051793407702121, 0.0, 0.2272334157882625, -0.06697827403614554, 0.0, 0.23468733424529375, -0.069826899219251, 0.0, 0.24718428248748125, -0.07741814677784475, 0.0, 0.2768244802413875, -0.06950741832325491, 0.0, 0.25371504420623125, -0.07762795512745413, 0.0, 0.27091169947966875, -0.08351689403126272, 0.0, 0.28819227809295, -0.0849779230839971, 0.0, 0.28684187526091875, -0.09538727824757132, 0.0, 0.269668108171075, -0.10277634685108694, 0.0, 0.27593184108123125, -0.10695820872852835, 0.0, 0.283034807389825, -0.10784703319141897, 0.0, 0.263381487077325, -0.09561711375782522, 0.0, 0.2919611989913875, -0.09327775065968069, 0.0, 0.2497248708663875, -0.0805986506230596, 0.0, 0.29833174342498125, -0.03577881877491507, 0.0, 0.29840803737029375, -0.041987238574719754, 0.0, 0.2987666189132625, -0.0734575373418096, 0.0, 0.301833635514825, -0.0714586359746221, 0.0, 0.3028559743820125, -0.04292660777637991, 0.0, 0.29419661158904375, -0.009628115344739285, 0.0, 0.29917860621795, -0.010457812000012723, 0.0, 0.30913496608123125, -0.02471810405323538, 0.0, 0.30957747096404375, -0.018038569141126004, 0.0, 0.3053584157882625, -0.006697474170422879, 0.0, 0.31334639186248125, -0.006266413379407254, 0.0, 0.307754045671075, -0.0016372782475713166, 0.0, 0.317885881608575, 0.0014221089594599334, 0.0, 0.308913713639825, 0.011132420849108371, 0.0, 0.31848860377654375, -0.00548916881153616, 0.0, 0.31429243678435625, -0.032966433215833035, 0.0, 0.3173213064132625, -0.025967417407727567, 0.0, 0.3167414724288875, -0.018368540454602567, 0.0, 0.29207563990935625, -0.005828676868176785, 0.0, 0.208693987077325, -0.058718500781751004, 0.0, 0.213576799577325, -0.06340867106983694, 0.0, 0.22405195826873125, -0.06931859080860647, 0.0, 0.16563368434295, -0.021837053943372098, 0.0, 0.168715959733575, -0.005498705554700223, 0.0, 0.1629023611007625, 0.007531346630358371, 0.0, 0.15806532496795, 0.08983344013621775, 0.0, 0.2552485525070125, 0.06285304005076853, 0.0, 0.16101790065154375, 0.111081303905749, 0.0, 0.17145491237029375, 0.117581548046374, 0.0, 0.2343440114913875, 0.11359328205516306, 0.0, 0.2256465017257625, 0.1280633824579951, 0.0, 0.17900801295623125, 0.1291028874628779, 0.0, 0.1885066091476375, 0.1392814534418818, 0.0, 0.2027278005538875, 0.15062254841258493, 0.0, 0.1943354665695125, 0.15047186787059275, 0.0, 0.2280268728195125, 0.13704127247264353, 0.0, 0.1797175466476375, 0.13437289173533884, 0.0, 0.18198347682341875, 0.1376020329706904, 0.0, 0.2359614431320125, 0.12281245167186228, 0.0, 0.23833418483123125, 0.1196424382441279, 0.0, 0.23903608912810625, 0.11155337269237009, 0.0, 0.26625776881560625, 0.10178297932078806, 0.0, 0.25150251979216875, 0.11252230579783884, 0.0, 0.2656550466476375, 0.10587138111522165, 0.0, 0.2713618337570125, 0.07245272571971384, 0.0, 0.27501631373748125, 0.09832400257518259, 0.0, 0.27103376979216875, 0.10260123188426462, 0.0, 0.282424455827325, 0.07876128132274118, 0.0, 0.2812953054367, 0.07482260639598337, 0.0, 0.27631331080779375, 0.07005232746531931, 0.0, 0.28203535670623125, 0.07292288715770212, 0.0, 0.27944136256560625, 0.0676710026972529, 0.0, 0.28330183619841875, 0.06884306843211618, 0.0, 0.28485823268279375, 0.07198351795604196, 0.0, 0.28435469264373125, 0.07479018146922556, 0.0, 0.272048479264825, 0.06734293873240915, 0.0, 0.27454329127654375, 0.06468409473826853, 0.0, 0.270156389421075, 0.06220358784129587, 0.0, 0.295241838639825, 0.09510249073436228, 0.0, 0.14902449244841875, 0.09868353779246775, 0.0, 0.15430403346404375, 0.10995119984080759, 0.0, 0.14917708033904375, 0.10556143696238962, 0.0, 0.123916155046075, 0.06617182667186228, 0.0, 0.14280653590545, 0.0011817830317255584, 0.0, 0.15581465358123125, 0.002152623485827121, 0.0, 0.152175432389825, -0.009398279834485379, 0.0, 0.13446760768279375, -0.003057299304700223, 0.0, 0.1416621267257625, -0.007978258777356473, 0.0, 0.11603499049529375, 0.06314295704295603, 0.0], "f": [0, 1, 2, 0, 2, 3, 4, 0, 3, 5, 3, 2, 6, 5, 2, 7, 5, 6, 7, 8, 5, 6, 9, 7, 9, 6, 10, 10, 11, 9, 12, 11, 10, 11, 12, 13, 14, 11, 13, 13, 15, 14, 16, 15, 13, 17, 14, 15, 18, 14, 17, 17, 15, 19, 19, 20, 17, 21, 20, 19, 22, 13, 12, 23, 13, 22, 22, 12, 24, 12, 25, 24, 24, 25, 26, 27, 24, 26, 27, 28, 24, 29, 28, 27, 29, 30, 28, 29, 31, 30, 32, 30, 31, 32, 33, 30, 33, 34, 30, 35, 32, 31, 35, 36, 32, 36, 35, 37, 36, 37, 38, 38, 37, 39, 39, 37, 40, 41, 39, 40, 41, 42, 39, 42, 41, 43, 44, 42, 43, 45, 42, 44, 46, 44, 43, 46, 47, 44, 47, 46, 48, 49, 47, 48, 43, 41, 50, 41, 40, 51, 41, 51, 52, 41, 52, 53, 53, 54, 41, 55, 54, 53, 54, 55, 56, 54, 56, 57, 56, 58, 57, 58, 56, 59, 58, 59, 60, 60, 61, 58, 62, 59, 56, 57, 58, 63, 53, 64, 55, 54, 65, 41, 65, 54, 66, 66, 54, 67, 67, 68, 66, 69, 66, 68, 65, 70, 41, 70, 65, 71, 71, 65, 72, 71, 72, 73, 74, 71, 73, 74, 73, 75, 76, 74, 75, 76, 75, 77, 78, 76, 77, 77, 75, 79, 72, 65, 80, 72, 80, 81, 82, 72, 81, 70, 83, 41, 40, 84, 51, 84, 85, 51, 85, 86, 51, 40, 37, 87, 37, 88, 87, 35, 89, 37, 36, 90, 32, 90, 36, 91, 91, 92, 90, 93, 92, 91, 94, 93, 91, 95, 93, 94, 96, 93, 95, 95, 97, 96, 97, 95, 98, 98, 99, 97, 100, 98, 95, 101, 96, 97, 97, 102, 101, 95, 94, 103, 103, 94, 104, 105, 94, 91, 105, 91, 106, 106, 107, 105, 108, 107, 106, 106, 91, 109, 106, 109, 110, 111, 106, 110, 109, 112, 110, 112, 109, 113, 113, 109, 114, 113, 114, 115, 114, 116, 115, 115, 116, 117, 115, 117, 118, 119, 115, 118, 109, 120, 114, 120, 121, 114, 120, 122, 121, 110, 112, 123, 92, 124, 90, 124, 92, 125, 125, 126, 124, 30, 127, 28, 29, 27, 128, 29, 128, 129, 128, 130, 129, 27, 131, 128, 131, 132, 128, 133, 24, 28]},