{"type": "block", "layer": 5, "block": 0, "features": [{"geom": {"triangles": {"v": [0.007155901139825005, 0.025762738537096652, 0.0, 0.011687761491387505, 0.024442853283190402, 0.0, 0.013358598893731255, 0.033192815136217746, 0.0, 0.024047380632012505, 0.01644247944285837, 0.0, 0.024116045182793755, 0.04183310444285837, 0.0, 0.031707292741387505, 0.041203679394030246, 0.0, 0.026763445085137505, 0.015833081554674777, 0.0, 0.039542680924981255, 0.03905123646190134, 0.0, 0.032653337663262505, 0.012891949962877902, 0.0, 0.060195451921075005, 0.025671185802721652, 0.0, 0.030372148698418755, 0.006400288891100558, 0.0, 0.0691828786788875, 0.02207297260692087, 0.0, 0.0792841970382625, 0.019900502514147433, 0.0, 0.0885310232101375, 0.01612204487254587, 0.0, 0.029838091081231255, -0.016497431445813504, 0.0, 0.09389448756560625, 0.01150149280955759, 0.0, 0.1027522146163875, 0.005712689708971652, 0.0, 0.044951921647637505, -0.07092743938038382, 0.0, 0.034156328385918755, -0.05953866069386038, 0.0, 0.040748125260918755, -0.06911831920216116, 0.0, 0.034186845964043755, -0.062426386523938504, 0.0, 0.036872392839043755, -0.06870728557179007, 0.0, 0.030631548112481255, -0.06654721324512991, 0.0, 0.030532365983575005, -0.06333809917042288, 0.0, 0.026641374772637505, -0.021967707324719754, 0.0, 0.022216325944512505, -0.04287797038624319, 0.0, 0.023856645768731255, -0.057868776965833035, 0.0, 0.021453386491387505, -0.056788263965344754, 0.0, 0.020202165788262505, -0.02799874370167288, 0.0, 0.016906267350762505, -0.0333879572636846, 0.0, 0.016105180924981255, -0.038737116504407254, 0.0, 0.023932939714043755, -0.02300911967823538, 0.0, 0.021323686784356255, -0.023168383289075223, 0.0, 0.11499739283904375, 0.0013420003168818084, 0.0, 0.058211809342950005, -0.09069901530811819, 0.0, 0.044448381608575005, -0.08259945933887991, 0.0, 0.052871233171075005, -0.09310799663136038, 0.0, 0.047156816667168755, -0.09365731303761038, 0.0, 0.042266374772637505, -0.07896882121632132, 0.0, 0.13446760768279375, -0.003057299304700223, 0.0, 0.15021467799529375, -0.08734971110889944, 0.0, 0.1416621267257625, -0.007978258777356473, 0.0, 0.16563368434295, -0.021837053943372098, 0.0, 0.152175432389825, -0.009398279834485379, 0.0, 0.14280653590545, 0.0011817830317255584, 0.0, 0.16576338404998125, -0.017176447559094754, 0.0, 0.15486860865935625, -0.004057703662610379, 0.0, 0.168715959733575, -0.005498705554700223, 0.0, 0.15581465358123125, 0.002152623485827121, 0.0, 0.1629023611007625, 0.007531346630358371, 0.0, 0.15697432154998125, 0.013422192882799777, 0.0, 0.1647028982101375, 0.011542500805163058, 0.0, 0.1529841482101375, 0.012004079174303683, 0.0, 0.17637587184295, -0.0009878260380986603, 0.0, 0.1602168142257625, -0.08658772533009085, 0.0, 0.17664290065154375, -0.07249814097950491, 0.0, 0.17896223658904375, -0.06859856669971975, 0.0, 0.1815486013351375, -0.03104764049122366, 0.0, 0.184768205827325, -0.06649762218067679, 0.0, 0.19883680934295, -0.04291707103321585, 0.0, 0.19037581080779375, -0.0665767771489385, 0.0, 0.20429182643279375, -0.05035859172413382, 0.0, 0.19603682154998125, -0.06815796916554007, 0.0, 0.208693987077325, -0.058718500781751004, 0.0, 0.1998744069992, -0.07047635142872366, 0.0, 0.20754194850310625, -0.07166844432423147, 0.0, 0.213576799577325, -0.06340867106983694, 0.0, 0.21079207057341875, -0.07155591075489554, 0.0, 0.21399641627654375, -0.06869870250294241, 0.0, 0.22405195826873125, -0.06931859080860647, 0.0, 0.22252607936248125, -0.07265740459034475, 0.0, 0.2035517751632625, -0.07492714946339163, 0.0, 0.18284559840545, -0.069826899219251, 0.0, 0.16368818873748125, -0.08608799998829397, 0.0, 0.175918108171075, -0.07710820262501272, 0.0, 0.17728376979216875, -0.0843675715214971, 0.0, 0.17747450465545, -0.09114819591114554, 0.0, 0.1576228200851375, -0.08835869853565725, 0.0, 0.1558528005538875, -0.09105759685108694, 0.0, 0.06441450709685625, -0.09706765239307913, 0.0, 0.149611955827325, -0.09039860789845022, 0.0, 0.07343245143279375, -0.12552910869190725, 0.0, 0.15079451197966875, -0.09839802806446585, 0.0, 0.1511836111007625, -0.0942094904668096, 0.0, 0.07512617701873125, -0.13329869334766897, 0.0, 0.0874018728195125, -0.15158635203907522, 0.0, 0.126113420671075, -0.1584175211674932, 0.0, 0.15562391871795, -0.12862855022022757, 0.0, 0.132766252702325, -0.15648633067677054, 0.0, 0.16506147975310625, -0.1450079066045049, 0.0, 0.164931780046075, -0.14051800792286429, 0.0, 0.16294813746795, -0.13078766887257132, 0.0, 0.1666712819992, -0.1355770212895635, 0.0, 0.16741133326873125, -0.12873822276661429, 0.0, 0.169814592546075, -0.13501912181446585, 0.0, 0.178298479264825, -0.12101632182667288, 0.0, 0.17979384059295, -0.13672810618946585, 0.0, 0.1848139821945125, -0.13847905223438772, 0.0, 0.18694258326873125, -0.11489945476124319, 0.0, 0.20461226100310625, -0.11986714427540335, 0.0, 0.19620466822966875, -0.11314850871632132, 0.0, 0.1925654470382625, -0.11261731212208304, 0.0, 0.20754194850310625, -0.12418633525440725, 0.0, 0.18929243678435625, -0.14194756572315725, 0.0, 0.19425154322966875, -0.14380723064014944, 0.0, 0.21265364283904375, -0.13013726298878225, 0.0, 0.211501604264825, -0.12702637736866507, 0.0, 0.2138972341476375, -0.142916498828626, 0.0, 0.21637678737029375, -0.13481789653370413, 0.0, 0.20989180201873125, -0.14813881938526663, 0.0, 0.1960749685226375, -0.15255719249317679, 0.0, 0.2072749196945125, -0.1531866175420049, 0.0, 0.20322371119841875, -0.1639268976933721, 0.0, 0.19382429713591875, -0.1592281443364385, 0.0, 0.1962122976242, -0.16780739848682913, 0.0, 0.2025752126632625, -0.16852742259571585, 0.0, 0.2000727712570125, -0.17087727611134085, 0.0, 0.18933821315154375, -0.1693885905034307, 0.0, 0.18666792506560625, -0.16074830119679007, 0.0, 0.18645430201873125, -0.16757660930225882, 0.0, 0.18111372584685625, -0.11463910167286429, 0.0, 0.145278459733575, -0.16603833262989554, 0.0, 0.150954729264825, -0.17192727153370413, 0.0, 0.1652216970382625, -0.16065770213673147, 0.0, 0.1687617361007625, -0.14766865794727835, 0.0, 0.16904402369841875, -0.15796834056446585, 0.0, 0.16272688502654375, -0.16599732463429007, 0.0, 0.162063127702325, -0.17272740428516897, 0.0, 0.15706587428435625, -0.1768987757451299, 0.0, 0.16339827174529375, -0.180727778125501, 0.0, 0.15155745143279375, -0.17871743266651663, 0.0, 0.1570429861007625, -0.1099870783574346, 0.0, 0.1551814138351375, -0.10347825114796194, 0.0, 0.1156916677413875, -0.16199761455128225, 0.0, 0.12300825709685625, -0.16185837810108694, 0.0, 0.08933210963591875, -0.1584966761357549, 0.0, 0.11415815944060625, -0.16480713908741507, 0.0, 0.1086115896163875, -0.17485791270802054, 0.0, 0.08738661403045, -0.17050725047657522, 0.0, 0.11946821803435625, -0.16954880778858694, 0.0, 0.1092982351242, -0.17676812236378225, 0.0, 0.11681318873748125, -0.18587857310841116, 0.0, 0.10851240748748125, -0.18238812511036429, 0.0, 0.12705183619841875, -0.1801164728886846, 0.0, 0.12773848170623125, -0.17493802135059866, 0.0, 0.12517500514373125, -0.18648892467091116, 0.0, 0.08307600612029375, -0.14949875896046194, 0.0, 0.0715327321945125, -0.14679699962208304, 0.0, 0.07190657252654375, -0.13063794200489554, 0.0, 0.061614519303887505, -0.10504799907276663, 0.0, 0.06270552272185625, -0.12012749736378225, 0.0, 0.059661394303887505, -0.11575871532032522, 0.0, 0.12587690944060625, 0.0002633946650263397, 0.0, 0.023993974870293755, -0.003847895313001004, 0.0, 0.023971086686700005, -0.012986956287122098, 0.0, 0.021682268327325005, -0.008016405750012723, 0.0, 0.022353655046075005, -0.004526911426282254, 0.0, 0.015624529069512505, 0.0417920964472529, 0.0],