{"type": "block", "layer": 6, "block": 0, "features": [{"geom": {"triangles": {"v": [-0.09871720677033125, 0.11826342518260446, 0.0, -0.096542829328925, 0.11120242054393259, 0.0, -0.09285783177033125, 0.12391108448436228, 0.0, -0.08605241184845625, 0.1261712926142451, 0.0, -0.0740666330398625, 0.12815302784373728, 0.0, -0.0780034006179875, 0.0860731023066279, 0.0, -0.06961869602814375, 0.1281730550043818, 0.0, -0.055138105207831245, 0.13332194263865915, 0.0, -0.058197492414862495, 0.07157248432567087, 0.0, -0.051727765852362495, 0.06943243915965525, 0.0, -0.036583417707831245, 0.14519137318065134, 0.0, -0.052994245344549995, 0.13597220356395212, 0.0, -0.055588239485174995, 0.1420719044916865, 0.0, -0.044846051985174995, 0.06263178760936228, 0.0, 0.016501909440606255, 0.058921994518541965, 0.0, -0.027657026106268745, 0.14945334370067087, 0.0, -0.035515302473456245, 0.14898127491404978, 0.0, 0.022315508073418755, 0.06253165180613962, 0.0, 0.024291521257012505, 0.06325167591502634, 0.0, 0.06304121608123125, 0.07373351032664743, 0.0, 0.0645442068038875, 0.09590262348582712, 0.0, -0.000702375227362495, 0.19014281208445993, 0.0, -0.020775312239081245, 0.18752211506297556, 0.0, -0.026772016340643745, 0.17955130512645212, 0.0, -0.030685895735174995, 0.15340250904490915, 0.0, -0.033417218977362495, 0.16857260639598337, 0.0, -0.032768720442206245, 0.1742822545283076, 0.0, -0.038315290266424995, 0.16579264576365915, 0.0, -0.037376874739081245, 0.1544019597285029, 0.0, -0.024536603742987495, 0.1863843816035029, 0.0, -0.008575910383612495, 0.1916629689448115, 0.0, -0.020203107649237495, 0.1912223714106318, 0.0, -0.022568219953924995, 0.19922274525096384, 0.0, -0.027626508528143745, 0.192471684765124, 0.0, 0.013366228288262505, 0.20137137348582712, 0.0, 0.043601518815606255, 0.21848124439647165, 0.0, 0.090407854264825, 0.10131186420848337, 0.0, 0.08133650416716875, 0.09301299030711618, 0.0, 0.0964350759445125, 0.23725050861766306, 0.0, 0.059493547624200005, 0.2368127721064326, 0.0, 0.044532304948418755, 0.22363299305369821, 0.0, 0.055007463639825005, 0.2381116765253779, 0.0, 0.0968470632492, 0.10108107502391306, 0.0, 0.15430403346404375, 0.10995119984080759, 0.0, 0.1824183523117, 0.20188254291942087, 0.0, 0.13187361354216875, 0.24234122211863962, 0.0, 0.14060164088591875, 0.24375266010692087, 0.0, 0.16582441920623125, 0.24095362598826853, 0.0, 0.14588118190154375, 0.24749297077586618, 0.0, 0.17400313014373125, 0.23297232563426462, 0.0, 0.18181563014373125, 0.21317023212840525, 0.0, 0.09740400904998125, 0.24137324268748728, 0.0, 0.16101790065154375, 0.111081303905749, 0.0, 0.1797175466476375, 0.13437289173533884, 0.0, 0.18455458278045, 0.16907137806346384, 0.0, 0.18906355494841875, 0.183652104686999, 0.0, 0.1876826345382625, 0.1986829655878779, 0.0, 0.18198347682341875, 0.1376020329706904, 0.0, 0.18955183619841875, 0.16106337482860056, 0.0, 0.1943354665695125, 0.15047186787059275, 0.0, 0.1932063161788875, 0.15982359821727243, 0.0, 0.1885066091476375, 0.1392814534418818, 0.0, 0.17145491237029375, 0.117581548046374, 0.0, 0.17900801295623125, 0.1291028874628779, 0.0, 0.14917708033904375, 0.10556143696238962, 0.0, 0.1306452810226375, 0.08210295612742868, 0.0, 0.14902449244841875, 0.09868353779246775, 0.0, 0.13669539088591875, 0.08234137470653025, 0.0, 0.15806532496795, 0.08983344013621775, 0.0, 0.15024519557341875, 0.07528132374217478, 0.0, 0.098464494889825, 0.08920210773875681, 0.0, 0.1027827321945125, 0.07666224415233103, 0.0, 0.0977168142257625, 0.08199328358104196, 0.0, 0.123916155046075, 0.06617182667186228, 0.0, 0.11603499049529375, 0.06314295704295603, 0.0, 0.12213850612029375, 0.062802495311999, 0.0, 0.1099238454757625, 0.06365221912791696, 0.0, 0.11318159694060625, 0.0600110905878779, 0.0, 0.1099085866867, 0.06032103474070993, 0.0, 0.10556746119841875, 0.06615084583690134, 0.0, 0.1308283864913875, 0.0662214177363154, 0.0, 0.024665361589043755, 0.21793288166453806, 0.0, 0.037757402604668755, 0.06305140430858103, 0.0, 0.032813554948418755, 0.05954188282420603, 0.0, 0.036422258561700005, 0.06060141498973337, 0.0, 0.046462541764825005, 0.06333178455760446, 0.0, 0.058616167253106255, 0.06322306568553415, 0.0, 0.052833086198418755, 0.06132143909862009, 0.0, -0.023293012434393745, 0.04483431751658884, 0.0, -0.011856550032049995, 0.038983525585436496, 0.0, 0.015624529069512505, 0.0417920964472529, 0.0, -0.001335614973456245, 0.030072392772936496, 0.0, 0.013358598893731255, 0.033192815136217746, 0.0, 0.007155901139825005, 0.025762738537096652, 0.0, -0.049774640852362495, 0.06423205311229196, 0.0, -0.06398820286408125, 0.13471144611766306, 0.0, -0.06739854221955, 0.13312357838084665, 0.0, -0.0800175607742375, 0.13086050922801462, 0.0], "f": [0, 1, 2, 3, 2, 1, 1, 4, 3, 4, 1, 5, 6, 4, 5, 5, 7, 6, 8, 7, 5, 7, 8, 9, 10, 7, 9, 10, 11, 7, 12, 11, 10, 10, 9, 13, 10, 13, 14, 15, 10, 14, 15, 16, 10, 14, 17, 15, 15, 17, 18, 19, 15, 18, 20, 15, 19, 21, 15, 20, 15, 21, 22, 23, 15, 22, 24, 15, 23, 23, 25, 24, 23, 26, 25, 25, 27, 24, 24, 27, 28, 22, 29, 23, 21, 30, 22, 30, 31, 22, 32, 31, 30, 32, 33, 31, 34, 21, 20, 20, 35, 34, 20, 36, 35, 20, 37, 36, 38, 35, 36, 35, 38, 39, 39, 40, 35, 41, 40, 39, 38, 36, 42, 43, 38, 42, 44, 38, 43, 44, 45, 38, 45, 44, 46, 47, 46, 44, 48, 46, 47, 49, 47, 44, 50, 49, 44, 45, 51, 38, 52, 44, 43, 53, 44, 52, 54, 44, 53, 55, 44, 54, 56, 44, 55, 54, 53, 57, 58, 54, 57, 59, 58, 57, 60, 58, 59, 61, 59, 57, 52, 62, 53, 53, 62, 63, 43, 42, 64, 65, 64, 42, 64, 65, 66, 66, 65, 67, 68, 66, 67, 68, 67, 69, 65, 42, 70, 70, 71, 65, 70, 72, 71, 71, 73, 65, 73, 71, 74, 74, 75, 73, 76, 74, 71, 76, 77, 74, 76, 78, 77, 71, 79, 76, 65, 73, 80, 35, 81, 34, 18, 82, 19, 82, 18, 83, 82, 83, 84, 85, 19, 82, 85, 86, 19, 85, 87, 86, 13, 88, 14, 14, 88, 89, 14, 89, 90, 90, 89, 91, 90, 91, 92, 91, 93, 92, 9, 94, 13, 7, 95, 6, 6, 95, 96, 97, 3, 4]}, "centroids": [[0.06134050641608724, 0.14379055749046366, 0.0]]}, "mtl": 0}], "featureCount": 1, "startIndex": 0}