{"type": "block", "layer": 7, "block": 0, "features": [{"geom": {"triangles": {"v": [-0.27286576634064375, -0.22933655803272757, 0.0, -0.27193498020783125, -0.23230820720264944, 0.0, -0.2713932931961125, -0.22580796306202444, 0.0, -0.26893662815705, -0.22391778056690725, 0.0, -0.2677769601883, -0.23596650188038382, 0.0, -0.264877790266425, -0.23654824321339163, 0.0, -0.26401566868439375, -0.21570759837696585, 0.0, -0.2506718576492375, -0.24716645305225882, 0.0, -0.2285160959304875, -0.20996647899220022, 0.0, -0.23783158665314375, -0.19992905681202444, 0.0, -0.24739884739533125, -0.19811707561085257, 0.0, -0.234726423078925, -0.19986706798145804, 0.0, -0.24123429661408125, -0.24846726481983694, 0.0, -0.21473740940705, -0.25682717387745413, 0.0, -0.2132573068679875, -0.25679856364796194, 0.0, -0.2040715158523625, -0.18797761027882132, 0.0, -0.21097611790314375, -0.2606084925420049, 0.0, -0.2077183664383, -0.2677791697270635, 0.0, -0.17656754856720625, -0.16876870219776663, 0.0, -0.18070268040314375, -0.17006760661671194, 0.0, -0.202011579328925, -0.18073636119434866, 0.0, -0.19184159641876875, -0.16948967998096975, 0.0, -0.1866154611648625, -0.16834717814991507, 0.0, -0.19841813450470625, -0.17347699229786429, 0.0, -0.12886857395783125, -0.29044705455372366, 0.0, -0.165451520735175, -0.16371804301807913, 0.0, -0.10773515110626875, -0.29323750560352835, 0.0, -0.16152238255158125, -0.15880662028858694, 0.0, -0.16503190403595625, -0.1591070276982549, 0.0, -0.1152653635086125, -0.12766915385792288, 0.0, -0.051086896711737495, -0.2946680170781377, 0.0, -0.041222089582831245, -0.2926481348759893, 0.0, -0.022812360578924995, -0.2928169352299932, 0.0, 0.023208147233575005, -0.29492837016651663, 0.0, -0.012398237043768745, -0.29582863872120413, 0.0, 0.015891557878106255, -0.29834633891651663, 0.0, 0.013732439225762505, -0.3006780726201299, 0.0, 0.007506853288262505, -0.3060186487920049, 0.0, 0.012214189714043755, -0.30466633861134085, 0.0, -0.009941572004706245, -0.30330830638477835, 0.0, 0.004485613053887505, -0.3087766749150518, 0.0, -0.001434797102362495, -0.31070881908009085, 0.0, -0.009598249250799995, -0.30652791087696585, 0.0, -0.012558454328924995, -0.3023870569951299, 0.0, 0.019553667253106255, -0.2990282160527471, 0.0, 0.026595598405450005, -0.29216843669483694, 0.0, 0.047156816667168755, -0.09365731303761038, 0.0, 0.029418474382012505, -0.2924078089482549, 0.0, 0.041053301042168755, -0.29613667552540335, 0.0, 0.049476152604668755, -0.28282815043995413, 0.0, 0.059661394303887505, -0.11575871532032522, 0.0, 0.061614519303887505, -0.10504799907276663, 0.0, 0.052871233171075005, -0.09310799663136038, 0.0, 0.06441450709685625, -0.09706765239307913, 0.0, 0.058211809342950005, -0.09069901530811819, 0.0, 0.0715327321945125, -0.14679699962208304, 0.0, 0.06270552272185625, -0.12012749736378225, 0.0, 0.07190657252654375, -0.13063794200489554, 0.0, 0.07343245143279375, -0.12552910869190725, 0.0, 0.07512617701873125, -0.13329869334766897, 0.0, 0.06423140162810625, -0.26482754771778616, 0.0, 0.08667708033904375, -0.2003667933232549, 0.0, 0.08738661403045, -0.17050725047657522, 0.0, 0.08307600612029375, -0.14949875896046194, 0.0, 0.08933210963591875, -0.1584966761357549, 0.0, 0.0874018728195125, -0.15158635203907522, 0.0, 0.0959162771163875, -0.18901806895802054, 0.0, 0.1086115896163875, -0.17485791270802054, 0.0, 0.10851240748748125, -0.18238812511036429, 0.0, 0.1092982351242, -0.17676812236378225, 0.0, 0.1052241384445125, -0.19284707133839163, 0.0, 0.09351301783904375, -0.21730691020557913, 0.0, 0.0982356130538875, -0.21025830333302054, 0.0, 0.1010127126632625, -0.23137646739552054, 0.0, 0.0977015554367, -0.2221077067143682, 0.0, 0.1033015310226375, -0.24594765727589163, 0.0, 0.1041712819992, -0.23570900981495413, 0.0, 0.0851283132492, -0.27071648662159475, 0.0, 0.107375627702325, -0.2668464762456182, 0.0, 0.1092982351242, -0.2537372690922979, 0.0, 0.10851240748748125, -0.24906712596485647, 0.0, 0.1124720632492, -0.2591570002324346, 0.0, 0.1121058523117, -0.2658870798833135, 0.0, 0.1048884450851375, -0.26999646251270804, 0.0, 0.10170698756560625, -0.28148823802540335, 0.0, 0.10698652858123125, -0.27397805278370413, 0.0, 0.10679579371795, -0.27915650432179007, 0.0, 0.08933210963591875, -0.2822473627812627, 0.0, 0.0840754568038875, -0.2813556772954229, 0.0, 0.055381303971856255, -0.28221779887745413, 0.0, 0.046035295671075005, -0.2897184473759893, 0.0, 0.034881120866387505, -0.30203896586964163, 0.0, 0.038642412370293755, -0.30193787639210257, 0.0, 0.029181963151543755, -0.2994278055913213, 0.0, -0.1144719064773625, -0.12057858531544241, 0.0, -0.1053166330398625, -0.08765870158741507, 0.0, -0.1221470773758, -0.10036736552784475, 0.0, -0.115158551985175, -0.08572846477100882, 0.0, -0.1209416330398625, -0.1147783381230596, 0.0, -0.11769151096955, -0.11862736766407522, 0.0, -0.1250920236648625, -0.10244828288624319, 0.0, -0.12677811985626875, -0.11518841807911429, 0.0, -0.1325077951492375, -0.10512810771534475, 0.0, -0.09871720677033125, -0.07969742839405569, 0.0, -0.09671830540314375, -0.07613736217091116, 0.0, 0.042266374772637505, -0.07896882121632132, 0.0, 0.036872392839043755, -0.06870728557179007, 0.0, 0.040748125260918755, -0.06911831920216116, 0.0, 0.044951921647637505, -0.07092743938038382, 0.0, 0.030631548112481255, -0.06654721324512991, 0.0, -0.0953373849929875, -0.06282692973682913, 0.0, -0.0967717111648625, -0.07321816508839163, 0.0, -0.09807633762970625, -0.06593876903126272, 0.0, -0.098556989485175, -0.07003670756886038, 0.0, -0.0852818430008, -0.05532914226124319, 0.0, -0.025581830793768745, -0.03819733684132132, 0.0, 0.021453386491387505, -0.056788263965344754, 0.0, 0.023856645768731255, -0.057868776965833035, 0.0, 0.030532365983575005, -0.06333809917042288, 0.0, 0.034156328385918755, -0.05953866069386038, 0.0, 0.034186845964043755, -0.062426386523938504, 0.0, 0.016105180924981255, -0.038737116504407254, 0.0, -0.008987897688299995, -0.025527773547864285, 0.0, 0.016906267350762505, -0.0333879572636846, 0.0, 0.020202165788262505, -0.02799874370167288, 0.0, 0.021323686784356255, -0.023168383289075223, 0.0, -0.010353559309393745, -0.013277826953626004, 0.0, 0.021682268327325005, -0.008016405750012723, 0.0, 0.023971086686700005, -0.012986956287122098, 0.0, 0.023932939714043755, -0.02300911967823538, 0.0, 0.026641374772637505, -0.021967707324719754, 0.0, 0.029838091081231255, -0.016497431445813504, 0.0, 0.005904680436700005, 0.009591283153795871, 0.0, -0.018768781477362495, 0.00400179798533884, 0.0, -0.010376447492987495, 0.014241399120592746, 0.0, -0.013664716535956245, 0.01563185627391306, 0.0, -0.005905622297674995, 0.017413319896959933, 0.0, -0.018356794172674995, -0.006728945422864285, 0.0, -0.022156232649237495, -0.006478129077649442, 0.0, 0.022353655046075005, -0.004526911426282254, 0.0, 0.024047380632012505, 0.01644247944285837, 0.0, 0.023993974870293755, -0.003847895313001004, 0.0, 0.030372148698418755, 0.006400288891100558, 0.0, 0.026763445085137505, 0.015833081554674777, 0.0, 0.032653337663262505, 0.012891949962877902, 0.0, 0.011687761491387505, 0.024442853283190402, 0.0, 0.007155901139825005, 0.025762738537096652, 0.0, -0.023445600325018745, -0.03301793162891897, 0.0, -0.012032026106268745, -0.024627504993176785, 0.0, 0.022216325944512505, -0.04287797038624319, 0.0, -0.040573591047674995, -0.03712826793262991, 0.0, -0.032967084700018745, -0.035906611133313504, 0.0, -0.049667829328924995, -0.032297907520032254, 0.0, -0.057228559309393745, -0.03082638804981741, 0.0, -0.0651555002273625, -0.030008135486340848, 0.0, -0.07251786595001875, -0.03153782908985647, 0.0, -0.08717393284455, -0.03769856517384085, 0.0, -0.0901646555008, -0.03833657329151663, 0.0, -0.0755619943679875, -0.031079111743665067, 0.0, -0.08226823216095625, -0.030347643542981473, 0.0, -0.086594098860175, -0.029978571582532254, 0.0, -0.07831620579376875, -0.02968674724171194, 0.0, 0.044448381608575005, -0.08259945933887991, 0.0, -0.10384415989533125, -0.07991677348682913, 0.0, 