{"type": "block", "layer": 8, "block": 0, "features": [{"geom": {"triangles": {"v": [-0.5021061838211125, -0.347226916003919, 0.0, -0.5112614572586125, -0.36075860087940725, 0.0, -0.5001454294265812, -0.3699987513310674, 0.0, -0.488205426985175, -0.3683069330937627, 0.0, -0.47681474095001875, -0.3631170374638799, 0.0, -0.48158311253205, -0.3675363642461065, 0.0, -0.47612809544220625, -0.35149842326710257, 0.0, -0.4887089670242375, -0.3333175760991338, 0.0, -0.470077985578925, -0.34026604716846975, 0.0, -0.4678044260086125, -0.33769875590870413, 0.0, -0.4879460275711125, -0.32605820720264944, 0.0, -0.4591984689773625, -0.32767945354054007, 0.0, -0.46424149876251875, -0.33722859447071585, 0.0, -0.46965836887970625, -0.3033578974492315, 0.0, -0.4548039377273625, -0.30884915416309866, 0.0, -0.455246442610175, -0.3015583140141729, 0.0, -0.4719853342117375, -0.29703789775440725, 0.0, -0.46404313450470625, -0.28771668498585257, 0.0, -0.44907426243439375, -0.29561787669727835, 0.0, -0.448105329328925, -0.2919176203496221, 0.0, -0.4556889474929875, -0.28098660533497366, 0.0, -0.4496159494461125, -0.27913838450977835, 0.0, -0.4395756662429875, -0.28650647227833304, 0.0, -0.43758439427033125, -0.2823169810063604, 0.0, -0.44513749485626875, -0.2700079066045049, 0.0, -0.431503766828925, -0.28012734477589163, 0.0, -0.4387974680008, -0.26372891490528616, 0.0, -0.41200303440705, -0.2826984507329229, 0.0, -0.4282231271804875, -0.2829282862431768, 0.0, -0.417648786360175, -0.2911584955937627, 0.0, -0.42455338841095625, -0.29526692454884085, 0.0, -0.43099259739533125, -0.29408913676807913, 0.0, -0.4314579904617375, -0.24747639720509085, 0.0, -0.4336247385086125, -0.2465990168339971, 0.0, -0.39641618137970625, -0.27161770885059866, 0.0, -0.4283451974929875, -0.2417781931645635, 0.0, -0.3819889963211125, -0.25998669688770804, 0.0, -0.389084333235175, -0.2739875895268682, 0.0, -0.3759159982742375, -0.2542884928471807, 0.0, -0.37218522434845625, -0.2486274821049932, 0.0, -0.37253617649689375, -0.2532976252324346, 0.0, -0.42948197727814375, -0.23564702098438772, 0.0, -0.40596818333283125, -0.19208794658253225, 0.0, -0.36439561253205, -0.24219876353809866, 0.0, -0.395676130110175, -0.18422871654102835, 0.0, -0.35675858860626875, -0.241518793750501, 0.0, -0.358627790266425, -0.24552708690235647, 0.0, -0.3751530588211125, -0.16332799022266897, 0.0, -0.345077985578925, -0.2335689646489385, 0.0, -0.35253190403595625, -0.24073773448536429, 0.0, -0.33153581028595625, -0.23477727000782522, 0.0, -0.3568730295242375, -0.13310700481007132, 0.0, -0.36803483372345625, -0.14604836528370413, 0.0, -0.3506779611648625, -0.11756878917286429, 0.0, -0.27286576634064375, -0.22933655803272757, 0.0, -0.32822465305939375, -0.2391374689824346, 0.0, -0.28038834934845625, -0.24341755931446585, 0.0, -0.27193498020783125, -0.23230820720264944, 0.0, -0.27428483372345625, -0.24219876353809866, 0.0, -0.264877790266425, -0.23654824321339163, 0.0, -0.2638554513992375, -0.24433880870411429, 0.0, -0.267197126203925, -0.24980813090870413, 0.0, -0.2731480539383, -0.24976903026173147, 0.0, -0.27526139622345625, -0.24767762248585257, 0.0, -0.3260044992508, -0.24265843455860647, 0.0, -0.32923173313751875, -0.24288636272022757, 0.0, -0.3247380197586125, -0.24584656779835257, 0.0, -0.29029893284455, -0.25598889415333304, 0.0, -0.27988480930939375, -0.24800759379932913, 0.0, -0.29682206516876875, -0.25899773662159475, 0.0, -0.29090165501251875, -0.2624366862065557, 0.0, -0.294357770735175, -0.26331788127491507, 0.0, -0.31435441380158125, -0.25890809123585257, 0.0, -0.32239579563751875, -0.2529285532719854, 0.0, -0.31896256809845625, -0.25928669993946585, 0.0, -0.3236088693679875, -0.2583473307378057, 0.0, -0.3177189767898625, -0.2613380533940557, 0.0, -0.30654191380158125, -0.2634571177251104, 0.0, -0.32994889622345625, -0.23934632365772757, 0.0, -0.2713932931961125, -0.22580796306202444, 0.0, -0.26401566868439375, -0.21570759837696585, 0.0, -0.24739884739533125, -0.19811707561085257, 0.0, -0.34751176243439375, -0.10416966502735647, 0.0, -0.19841813450470625, -0.17347699229786429, 0.0, -0.32561540012970625, -0.04943734233448538, 0.0, -0.3385930002273625, -0.06758862559864554, 0.0, -0.352707380110175, -0.07673722331593069, 0.0, -0.35572862034455, -0.08467560832569632, 0.0, -0.34974717503205, -0.10254841868946585, 0.0, -0.356918805891425, -0.10240727489063772, 0.0, -0.35515641575470625, -0.10403901164600882, 0.0, -0.30719804173126875, -0.028535662341809598, 0.0, -0.32572221165314375, -0.03868752543995413, 0.0, -0.3210453928054875, -0.031118212390637723, 0.0, -0.30873155003205, -0.025167284656262723, 0.0, -0.31780290012970625, -0.021677790332532254, 0.0, -0.19184159641876875, -0.16948967998096975, 0.0, -0.299118512922675, -0.015416918445325223, 0.0, -0.1866154611648625, -0.16834717814991507, 0.0, -0.294601911360175, -0.005897341418958035, 0.0, -0.2819523752273625, 0.027441205333971652, 0.0, -0.159958356672675, -0.12984829967091116, 0.0, -0.174545759016425, -0.16228657786915335, 0.0, -0.18070268040314375, -0.17006760661671194, 0.0, -0.17656754856720625, -0.16876870219776663, 0.0, -0.16503190403595625, -0.1591070276982549, 0.0, -0.165451520735175, -0.16371804301807913, 0.0, -0.16152238255158125, -0.15880662028858694, 0.0, -0.15476273899689375, -0.12634736125538382, 0.0, -0.1325077951492375, -0.10512810771534475, 0.0, -0.115158551985175, -0.08572846477100882, 0.0, -0.1221470773758, -0.10036736552784475, 0.0, -0.23291825657501875, 0.0937930958979365, 0.0, -0.2539677560867375, 0.07754439289500681, 0.0, -0.2781071603836125, 0.05999297077586618, 0.0, -0.27601670628205, 0.06608218128612009, 0.0, -0.26825761204376875, 0.07647055561473337, 0.0, -0.2732853830398625, 0.07279223377635446, 0.0, -0.2768559396804875, 0.07257193500926462, 0.0, -0.27259873753205, 0.07557219440867868, 0.0, -0.26406144505158125, 0.07988280231883493, 0.0, -0.25191544895783125, 0.08197230274608103, 0.0, -0.21257829075470625, 0.10587138111522165, 0.0, -0.0901646555008, -0.03833657329151663, 0.0, -0.19301652317658125, 0.10923117573192087, 0.0, -0.086594098860175, -0.029978571582532254, 0.0, -0.08717393284455, -0.03769856517384085, 0.0, -0.0780034006179875, 0.0860731023066279, 0.0, -0.18277787571564375, 0.11474150593211618, 0.0, -0.1517338693679875, 0.12601298267772165, 0.0, -0.096542829328925, 0.11120242054393259, 0.0, -0.14507340794220625, 0.12983244831492868, 0.0, -0.1206059396804875, 0.13446349079539743, 0.0, -0.103683942610175, 0.12755221302440134, 0.0, -0.10865830784455, 0.13242358143260446, 0.0, -0.166855329328925, 0.1257612126581904, 0.0, -0.177475446516425, 0.1208316701166865, 0.0, -0.058197492414862495, 0.07157248432567087, 0.0, -0.07831620579376875, -0.02968674724171194, 0.0, -0.049774640852362495, 0.06423205311229196, 0.0, -0.051727765852362495, 0.06943243915965525, 0.0, -0.0651555002273625, -0.030008135486340848, 0.0, -0.022156232649237495, -0.006478129077649442, 0.0, -0.044846051985174995, 0.06263178760936228, 0.0, -0.023293012434393745, 0.04483431751658884, 0.0, -0.013664716535956245, 0.01563185627391306, 0.0, -0.011856550032049995, 0.038983525585436496, 0.0, -0.001335614973456245, 0.030072392772936496, 0.0, -0.005905622297674995, 0.017413319896959933, 0.0, 0.007155901139825005, 0.025762738537096652, 0.0, 0.005904680436700005, 0.009591283153795871, 0.0, -0.010376447492987495, 0.014241399120592746, 0.0, -0.057228559309393745, -0.03082638804981741, 0.0, -0.049667829328924995, -0.032297907520032254, 0.0, -0.032967084700018745, -0.035906611133313504, 0.0, -0.040573591047674995, -0.03712826793262991, 0.0, -0.023445600325018745, -0.03301793162891897, 0.0, -0.025581830793768745, -0.03819733684132132, 0.0, -0.012032026106268745, -0.024627504993176785, 0.0, -0.018356794172674995, -0.006728945422864285, 0.0, -0.010353559309393745, -0.013277826953626004, 0.0, -0.008987897688299995, -0.025527773547864285, 0.0, -0.07251786595001875, -0.03153782908985647, 0.0, -0.21100663548126875, 0.11495131428172556, 0.0, -0.2153325021804875, 0.10913103992869821, 0.0, 